qid,question,same_qid,same_qid_same_text,exact_warmup_qids
52596,"Đơn yêu cầu bắt giữ tàu biển phải bao gồm những tài liệu, chứng cứ kèm theo nào?",1,1,52596
29034,Thợ máy trực ca trên tàu biển Việt Nam có nhiệm vụ gì?,1,1,29034
59724,Người nộp thuế là nhà thầu nước ngoài phải tuân thủ những quy định nào?,1,1,59724
73712,Khái niệm về sổ đỏ là gì?,1,1,73712
144010,Những hành vi nào xâm phạm chỉ dẫn địa lý?,1,1,144010
77606,Tờ rơi in quảng cáo bột ngũ cốc dùng cho trẻ từ 12 đến dưới 24 tháng tuổi phải thể hiện những thông tin gì về sản phẩm?,1,1,77606
146948,Làm thế nào để thực hiện đăng ký bản quyền đối với logo công ty?,1,1,146948
125758,"Trình tự hồ sơ, thủ tục giải quyết chế độ ưu đãi đối với người có công giúp đỡ cách mạng được pháp luật quy định như thế nào? ",1,1,125758
43004,Tài sản không chia được khi chia liên hiệp hợp tác xã được xử lý như thế nào?,1,1,43004
2848,Thông tin hải quan được thu thập lưu trữ để phục vụ những việc gì?,1,1,2848
117312,Chất lượng xoài quả tươi hạng I được quy định thế nào?,1,1,117312
131630,Giá trị bản sao từ bản chính bằng đại học có thời hạn trong bao lâu?,1,1,131630
16280,Thời lượng Chương trình giáo dục thường xuyên cấp trung học cơ sở,1,1,16280
134140,Khi có chiến tranh xảy ra thì người vận chuyển từ chối thực hiện hợp đồng vận chuyển hành khách và hành lý thì có phải bồi thường không?,1,1,134140
127320,Công ty trách nhiệm hữu hạn một thành viên giảm vốn điều lệ trong trường hợp nào?,1,1,127320
83404,Xây dựng các tiêu chuẩn quốc gia về sử dụng năng lượng tái tạo như thế nào?,1,1,83404
61120,"UBND cấp xã, đơn vị quân đội được giao giám sát, giáo dục người chấp hành hình phạt quản chế có thẩm quyền trừ vào thu nhập của người thi hành án không?",1,1,61120
13048,Bộ Văn hóa Thể thao và Du lịch có trách nhiệm gì trong việc phối hợp thực hiện đưa bảo vật quốc gia đưa ra nước ngoài có thời hạn để trưng bày?,1,1,13048
137848,Mức chi hỗ trợ cho Ủy ban nhân dân cấp xã là bao nhiêu?,1,1,137848
59746,Vay vốn ưu đãi thực hiện chính sách nhà ở xã hội thì quy trình thủ tục thực hiện được quy định như thế nào?,1,1,59746
118698,Mức phụ cấp ưu đãi nghề Hải quan hiện nay là bao nhiêu?,1,1,118698
69854,Các mối quan hệ trong công việc của chuyên viên về hợp tác quốc tế là gì?,1,1,69854
55470,Việc xác định biên chế công chức dựa trên những căn cứ nào?,1,1,55470
95876,Sự cố tàu bay là gì?,1,1,95876
129756,Học ngành kế toán hành chính sự nghiệp trình độ cao đẳng thì khi tốt nghiệp có thể làm công việc nào?,1,1,129756
118604,Báo cáo kết quả thực hiện nhiệm vụ của thành viên Đoàn thanh tra chuyên ngành ngân hàng bao gồm những nội dung nào?,1,1,118604
133758,Chứng minh trong vụ án dân sự về bảo vệ quyền lợi người tiêu dùng được thực hiện như thế nào?,1,1,133758
110952,"Cách xác định quỹ tiền lương, thù lao, tiền thưởng đối với quỹ đổi mới công nghệ quốc gia từ ngày 15/8/2022?",1,1,110952
89838,Chủ hộ kinh doanh có phải thực hiện các nghĩa vụ về thuế không?,1,1,89838
69612,Sử dụng căn hộ chung cư vào mục đích không phải để ở có bị xử phạt không?,1,1,69612
91448,Việc xếp lương và trả lương đối với công chức cấp trung ương loại B cần đáp ứng những nguyên tắc gì?,1,1,91448
146666,Viên chức có được cấp hộ chiếu công vụ không?,1,1,146666
21854,Hợp nhất công ty có làm chấm dứt tồn tại của công ty bị hợp nhất không?,1,1,21854
69966,Điều kiện của người lái xe tham gia giao thông được quy định như thế nào?,1,1,69966
135898,Đi đăng ký khai sinh cho con thì cần chuẩn bị những giấy tờ gì?,1,1,135898
22928,Cán bộ công chức ngành y tế vì lý do sức khỏe có được từ chức không?,1,1,22928
103502,Thời hạn nộp lệ phí môn bài theo quy định của pháp luật là khi nào?,1,1,103502
116540,Thủ tục nộp tiền để bảo đảm thi hành án tại ngân hàng được quy định như thế nào?,1,1,116540
8526,Về nhân viên chuyên môn của doanh nghiệp kinh doanh hoạt động thể thao,1,1,8526
151844,Họp giao ban Lãnh đạo Tổng cục Thi hành án dân sự là họp về những nội dung gì?,1,1,151844
11260,"Đối tượng hưởng chế độ ưu đãi người có công, thân nhân người có công với cách mạng được quy định như thế nào?",1,1,11260
73544,"Thành viên Hội đồng quản lý có nhiệm vụ, quyền hạn gì?",1,1,73544
40652,"Khi tổ chức thi đấu môn Bóng ném tại Việt Nam, cơ sở vật chất và trang thiết bị tập luyện được chuẩn bị như thế nào?",1,1,40652
27490,Người lao động là người nước ngoài ngưng làm việc trong vòng một tháng thì có phải đóng bảo hiểm xã hội bắt buộc không?,1,1,27490
72248,Bơ quả tươi bị nhăn thì có đảm bảo về độ chín khi thu hoạch hay không? ,1,1,72248
34788,Không phải bồi thường thiệt hại về khả năng gây mất an toàn của sản phẩm?,1,1,34788
51990,Trung tâm Khoa học và Bồi dưỡng cán bộ có quyền hạn gì trong công tác quản lý và tổ chức thực hiện hoạt động khoa học công nghệ?,1,1,51990
8980,"Cơ sở dữ liệu quốc gia về xuất cảnh, nhập cảnh của công dân Việt Nam do cơ quan nào trực tiếp quản lý?",1,1,8980
6934,Biện pháp chung để thực hiện dân chủ về kinh tế đời sống của Hội đồng quân nhân như thế nào?,1,1,6934
159164,"Có thể cấp giấy phép môi trường cho từng giai đoạn, công trình hay không?",1,1,159164
126402,Quy trình tiếp nhận và xử lý phản ánh của người dân trên nền tảng quản lý tiêm chủng COVID-19,1,1,126402
125414,Tổ chức ngoài trời lễ kỷ niệm ngày truyền thống của cơ quan nhà nước cấp tỉnh được trang trí như thế nào? ,1,1,125414
77724,Tiêu chuẩn để tập thể được xét tặng Bằng khen của Bộ trưởng Bộ Khoa học và Công nghệ là gì?,1,1,77724
113332,Để dự thi chứng chỉ kiểm toán viên cần thời gian công tác thực tế về kiểm toán cần ít nhất bao lâu?,1,1,113332
45194,Thủ tục cấp bản sao tài liệu lưu trữ được thực hiện ra sao?,1,1,45194
68730,Nhiệm vụ và quyền hạn của Ban Chấp hành Hiệp hội Điều Việt Nam được quy định thế nào?,1,1,68730
59610,Gây tiếng ồn từ bao nhiêu dBA thì sẽ vi phạm pháp luật về quy định tiếng ồn?,1,1,59610
138840,Khấu trừ tiền trong tài khoản có phải là biện pháp cưỡng chế thi hành án dân sự không?,1,1,138840
69706,"Nguyên tắc cung cấp, đăng tải thông tin, lựa chọn nhà đầu tư qua mạng đấu thầu được quy định như thế nào?",1,1,69706
96112,Trách nhiệm của thí sinh tham dự thi kiểm tra kết quả tập sự hành nghề luật sư như thế nào?,1,1,96112
122046,Ban chỉ đạo chống dịch bệnh truyền nhiễm bao gồm những cơ quan nào?,1,1,122046
150432,Mạng xã hội có thuộc hình thức giao dịch của sàn thương mại điện tử không? ,1,1,150432
38836,Làm việc bán thời gian là gì?,1,1,38836
93438,"Người học ngành công nghệ sinh học trình độ cao đẳng phải có khả năng học tập, nâng cao trình độ như thế nào?",1,1,93438
166676,Nhà đầu tư nước ngoài đầu tư gián tiếp vào Việt Nam có thể mở tài khoản đầu tư gián tiếp bằng ngoại tệ được hay không?,1,1,166676
28844,"Chào bán cạnh tranh, thỏa thuận lô cổ phần kèm nợ phải thu của doanh nghiệp mua bán nợ được thực hiện như thế nào?",1,1,28844
100386,Hồ sơ đăng ký thường trú trong trường hợp con về ở với cha mẹ thì cần những giấy tờ nào?,1,1,100386
108470,Có cần đăng ký website với Bộ Công thương không?,1,1,108470
80974,Có bao nhiêu môn thể thao được tổ chức thi đấu tại Đại hội Thể thao học sinh Đông Nam Á lần thứ 13 năm 2023?,1,1,80974
42720,Tiền đặt trước và xử lý tiền đặt trước được quy định ra sao?,1,1,42720
164010,Thẩm định báo cáo nghiên cứu khả thi đầu tư xây dựng theo quy định pháp luật ,1,1,164010
159118,Trường hợp mất thẻ hoặc lộ thông tin thẻ ngân hàng thì xử lý như thế nào?,1,1,159118
27220,Tổ chức sử dụng khu vực biển để làm vùng nước cảng biển phải nộp bao nhiêu tiền?,1,1,27220
109498,Thẩm quyền quyết định đầu tư vốn nhà nước để mua lại một phần doanh nghiệp thuộc về những cơ quan nào?,1,1,109498
67196,Thành viên cơ quan lãnh sự có được miễn nghĩa vụ về giấy phép lao động theo quy định của Nước tiếp nhận không?,1,1,67196
110118,Sửa chữa căn hộ chung cư có cần phải xin giấy phép xây dựng không?,1,1,110118
130746,"Quy định về bảo vệ môi trường đối với hộ gia đình, cá nhân được quy định như thế nào?",1,1,130746
14298,Doanh nghiệp kinh doanh muốn có giấy phép quá cảnh hàng hóa của Trung Quốc qua lãnh thổ Việt Nam thì hồ sơ đề nghị cấp giấy phép gồm những gì?,1,1,14298
154722,Báo cáo Bộ Giáo dục và Đào tạo công tác quản lý nhà nước đối với kinh doanh dịch vụ tư vấn du học về những nội dung gì?,1,1,154722
158676,Báo cáo sự cố công trình xây dựng được thực hiện như thế nào?,1,1,158676
102090,Biên bản giao nhận người có hành vi vi phạm hành chính phải ghi rõ các nội dung gì?,1,1,102090
100888,Công trình xây dựng là gì?,0,0,148360
84730,Yêu cầu về kinh nghiệm đối với vị trí chuyên viên cao cấp về quản lý bản quyền tác giả như thế nào?,1,1,84730
31430,Điều kiện để hưởng bảo hiểm xã hội khi ốm đau?,1,1,31430
65512,Đối tượng nào được tuyển thẳng trong tuyển sinh THPT?,1,1,65512
112602,Ai có thẩm quyền quyết định bổ nhiệm chức danh người đứng đầu Văn phòng Ban cán sự đảng Bộ GDĐT?,1,1,112602
167722,Công chức là người đứng đầu cơ quan vi phạm pháp luật về phòng chống tham nhũng thì có bị xử lý kỷ luật nặng hơn người vi phạm khác không?,1,1,167722
165190,"Theo quy định của pháp luật hiện hành, những hành vi nào bị cấm trong hoạt động thương mại điện tử?",1,1,165190
29470,Tổ thẩm định nhiệm vụ khoa học và công nghệ cấp Bộ của Bộ Văn hóa Thể thao và Du lịch làm việc theo nguyên tắc nào?,1,1,29470
33688,Soạn thảo văn bản quy phạm pháp luật của Bộ Giao thông vận tải theo thủ tục rút gọn trong những trường hợp nào?,1,1,33688
164868,Ai có quyền cấp chứng chỉ chuyên môn cho người điều khiển phương tiện giao thông?,1,1,164868
164100,Quy định mới về xử phạt vi phạm trong lĩnh vực trồng trọt khi nào có hiệu lực?,1,1,164100
127244,Thời hạn xác nhận hồ sơ đề nghị hỗ trợ tiền thuê nhà như thế nào?,1,1,127244
60202,"Ai có quyền quyết định chỉnh sửa nội dung chứng chỉ nghiệp vụ sư phạm dạy trình độ cao đẳng, trình độ trung cấp?",1,1,60202
83518,Con liệt sĩ ở TP. Hồ Chí Minh sẽ được cộng lên đến 02 điểm cho kỳ thi tuyển sinh vào lớp 10 sắp tới?,1,1,83518
137290,Việc tổ chức nhập học đối với học viên trúng xét tuyển chương trình đào tạo sơ cấp lý luận chính trị tại Trung tâm chính trị cấp huyện là trách nhiệm của ai?,1,1,137290
115984,"Trình tự, thủ tục xây dựng kế hoạch thanh tra của Thanh tra tỉnh được pháp luật quy định như thế nào? ",1,1,115984
77890,Thủ tục cấp bản sao trích lục lại giấy đăng ký kết hôn như thế nào?,1,1,77890
144880,Ai có quyền quyết định triệu tập Đại hội nhiệm kỳ hoặc Hội nghị đại biểu hàng năm?,1,1,144880
166960,Quy định về việc hỗ trợ bảo vệ rừng là rừng tự nhiên trong thời gian đóng cửa rừng?,1,1,166960
147366,"Quyền của tổ chức, cá nhân cung cấp dịch vụ hóa đơn, chứng từ điện tử là gì?",1,1,147366
7230,"Được hưởng trợ cấp một lần, trợ cấp hàng tháng vào thời điểm nào?",1,1,7230
74556,Trên Giấy chứng nhận kiểm định có phải sẽ in hình xe cơ giới được kiểm định hay không?,1,1,74556
